/*
SQLyog Enterprise v12.08 (64 bit)
MySQL - 8.0.24 : Database - onlineshop
*********************************************************************
*/

/*!40101 SET NAMES utf8 */;

/*!40101 SET SQL_MODE=''*/;

/*!40014 SET @OLD_UNIQUE_CHECKS=@@UNIQUE_CHECKS, UNIQUE_CHECKS=0 */;
/*!40014 SET @OLD_FOREIGN_KEY_CHECKS=@@FOREIGN_KEY_CHECKS, FOREIGN_KEY_CHECKS=0 */;
/*!40101 SET @OLD_SQL_MODE=@@SQL_MODE, SQL_MODE='NO_AUTO_VALUE_ON_ZERO' */;
/*!40111 SET @OLD_SQL_NOTES=@@SQL_NOTES, SQL_NOTES=0 */;
CREATE DATABASE /*!32312 IF NOT EXISTS*/`onlineshop` /*!40100 DEFAULT CHARACTER SET utf8 */ /*!80016 DEFAULT ENCRYPTION='N' */;

USE `onlineshop`;

/*Table structure for table `admin` */

DROP TABLE IF EXISTS `admin`;

CREATE TABLE `admin` (
  `id` int NOT NULL AUTO_INCREMENT,
  `username` varchar(30) DEFAULT NULL,
  `password` varchar(30) DEFAULT NULL,
  `create_time` datetime DEFAULT CURRENT_TIMESTAMP,
  PRIMARY KEY (`id`)
) ENGINE=InnoDB DEFAULT CHARSET=utf8mb3;

/*Data for the table `admin` */

/*Table structure for table `business` */

DROP TABLE IF EXISTS `business`;

CREATE TABLE `business` (
  `id` int NOT NULL AUTO_INCREMENT,
  `username` varchar(30) DEFAULT NULL,
  `password` varchar(30) DEFAULT NULL,
  `money` double DEFAULT '500',
  `user_img` varchar(100) CHARACTER SET utf8 COLLATE utf8_general_ci DEFAULT '1ce848b4-64bc-4af6-abc8-f2df93cbf515.jpg',
  `create_time` datetime DEFAULT CURRENT_TIMESTAMP,
  `update_time` datetime DEFAULT CURRENT_TIMESTAMP,
  `email` varchar(50) DEFAULT NULL,
  PRIMARY KEY (`id`)
) ENGINE=InnoDB AUTO_INCREMENT=9 DEFAULT CHARSET=utf8mb3;

/*Data for the table `business` */

insert  into `business`(`id`,`username`,`password`,`money`,`user_img`,`create_time`,`update_time`,`email`) values (1,'gjy','123',6498,'f24a163a-265a-4896-8048-c2e1d651aac4.jpg','2021-12-31 11:51:21','2022-01-02 03:51:48','jfjkvkv@qq.com'),(2,'李杰','123',6499,'1ce848b4-64bc-4af6-abc8-f2df93cbf515.jpg','2022-01-01 01:20:26','2022-01-01 01:20:26','jfjkvkv@qq.com'),(3,'李华','123',599,'713ee7e6-6bd4-4db3-87ed-ede57893c681.jpg','2022-01-02 01:49:37','2022-01-02 01:51:45','132322@qq.com'),(4,'LiLi','123',588,'1ce848b4-64bc-4af6-abc8-f2df93cbf515.jpg','2022-01-04 23:51:46','2022-01-04 23:51:46','128437834@qq.com'),(5,'food','123',1270.9,'1ce848b4-64bc-4af6-abc8-f2df93cbf515.jpg','2022-01-05 00:33:57','2022-01-05 00:33:57','128437834@qq.com'),(6,'shoe','123',729.2,'1ce848b4-64bc-4af6-abc8-f2df93cbf515.jpg','2022-01-05 00:56:32','2022-01-05 00:56:32','128437834@qq.com'),(7,'sport','123',1863,'1ce848b4-64bc-4af6-abc8-f2df93cbf515.jpg','2022-01-05 01:13:39','2022-01-05 01:13:39','128437834@qq.com'),(8,'daily','123',500,'1ce848b4-64bc-4af6-abc8-f2df93cbf515.jpg','2022-01-05 01:33:12','2022-01-05 01:33:12','128437834@qq.com');

/*Table structure for table `product` */

DROP TABLE IF EXISTS `product`;

CREATE TABLE `product` (
  `id` int NOT NULL AUTO_INCREMENT,
  `pprice` double DEFAULT NULL,
  `pimg` varchar(50) DEFAULT NULL,
  `business_id` int DEFAULT NULL,
  `pnumber` int DEFAULT NULL,
  `ptitle` varchar(200) CHARACTER SET utf8 COLLATE utf8_general_ci DEFAULT NULL,
  `create_time` datetime DEFAULT CURRENT_TIMESTAMP,
  `update_time` datetime DEFAULT CURRENT_TIMESTAMP,
  `psale` int DEFAULT '0',
  `ptype` varchar(20) DEFAULT NULL,
  PRIMARY KEY (`id`)
) ENGINE=InnoDB AUTO_INCREMENT=140 DEFAULT CHARSET=utf8mb3;

/*Data for the table `product` */

insert  into `product`(`id`,`pprice`,`pimg`,`business_id`,`pnumber`,`ptitle`,`create_time`,`update_time`,`psale`,`ptype`) values (1,4999,'bbcd6c07-cbd8-4a9b-a088-177e0831d528.jpg',1,2000,'华为手机128G','2021-12-31 17:16:00','2022-01-05 00:22:02',10,'手机数码'),(2,3999,'05b80dbc-e3f5-4cb7-845b-fb39cf036336.jpg',1,1000,'小米手机','2021-12-31 17:20:43','2022-01-03 13:00:02',0,'手机数码'),(3,5999,'bdf74378-e1c0-4fa7-be31-81cc6519e2f5.jpg',1,1000,'高端大气的手机','2021-12-31 17:23:33','2022-01-02 17:24:12',0,'手机数码'),(4,5600,'f9bc49fe-435f-4c55-ba2d-81dec1d8ecfd.jpg',1,1000,'小米11 Ultra 5G手机全网通小米11ultra','2021-12-31 17:25:45','2021-12-31 17:25:45',0,'手机数码'),(5,5999,'f32edfaf-820b-433c-9913-3c72537c74f6.jpg',1,200,'红魔手机','2021-12-31 19:12:12','2022-01-05 00:21:40',0,'手机数码'),(7,5999,'e899ec59-d167-432a-8f67-b1ede08a0f82.jpg',1,1000,'华为手机','2021-12-31 19:16:34','2022-01-05 00:48:30',0,'手机数码'),(8,5999,'838068c4-ec5b-40bd-b2d1-dfca2ee748de.jpg',1,1000,'华为nova5pro','2022-01-01 00:28:12','2022-01-05 00:21:27',0,'手机数码'),(9,5999,'83ea9f22-5c91-4070-9525-51c82e7550cc.jpg',1,1000,'华为手机','2022-01-01 01:06:32','2022-01-05 00:21:20',0,'手机数码'),(10,5999,'c7af288d-5d68-4de6-a5cf-30c8cb11ce39.jpg',2,1000,'华为手机','2022-01-01 01:20:57','2022-01-05 00:25:08',0,'手机数码'),(13,1999,'50b6c890-57ef-40a1-823a-f76e24f6142d.jpg',1,776,'红米手机','2022-01-01 17:08:20','2022-01-03 13:41:29',1,'手机数码'),(19,55,'3ff3c38a-4c4d-496e-9c0d-9790fb592b68.jpg',1,55,'555','2022-01-02 17:41:57','2022-01-03 19:31:28',0,'手机数码'),(20,5999,'78998e81-9098-4cc2-a66f-bd95c57f2254.jpg',1,500,'华为P30 128G','2022-01-03 13:31:39','2022-01-03 13:40:25',0,'手机数码'),(21,2999,'b1881389-4fe0-4cdf-9117-d89d8efc23dc.jpg',1,600,'华为nova6','2022-01-03 13:37:31','2022-01-03 13:37:31',0,'手机数码'),(22,399,'8a7699f3-3fd4-40e9-a89c-3b75e5e293e8.jpg',1,5000,'华为电脑键盘','2022-01-03 13:38:06','2022-01-03 13:38:06',0,'手机数码'),(23,6999,'5299232a-f683-48f0-bf97-09b124dc9450.jpg',1,1000,'华为P50系列','2022-01-03 13:38:46','2022-01-03 13:38:46',0,'手机数码'),(24,88,'d49f1917-2f90-4c08-852e-b2181e4598c0.jpg',4,5000,'15分钟摆脱疲劳','2022-01-04 23:53:00','2022-01-04 23:53:00',0,'图书文具'),(25,100,'fe4d1cda-cb14-4e02-bea2-f1985c486378.jpg',4,500,'100天后会死的鳄鱼','2022-01-04 23:53:28','2022-01-04 23:53:28',0,'图书文具'),(26,66,'8019a83d-7a3d-45bb-ac3e-82516d34129d.jpg',4,500,'2022李永乐·王式安','2022-01-04 23:54:01','2022-01-04 23:54:01',0,'图书文具'),(27,99,'9f20a91e-eb05-4600-b1ce-81e31d2df4f1.jpg',4,600,'巴瑞的书屋','2022-01-04 23:54:32','2022-01-04 23:54:32',0,'图书文具'),(28,78,'b782922a-df47-46cc-89c3-a335601643f1.jpg',4,700,'白色橄榄树','2022-01-04 23:54:57','2022-01-04 23:54:57',0,'图书文具'),(29,79,'fa827442-b08e-4b45-b3b1-a15e0810f055.jpg',4,600,'摆渡人书系','2022-01-04 23:55:20','2022-01-04 23:55:20',0,'图书文具'),(30,88,'4a6f6629-b0b8-451c-8ce5-48325b44ef3b.jpg',4,999,'半小时漫画必背古诗','2022-01-04 23:55:46','2022-01-04 23:55:46',1,'图书文具'),(31,88,'0d8d9d74-5918-49cb-bab1-c0b39767635b.jpg',4,899,'被讨厌的勇气','2022-01-04 23:56:31','2022-01-04 23:56:31',0,'图书文具'),(32,88,'94ad57d7-2865-422c-a7ef-4965d757da87.jpg',4,600,'笨狼的故事','2022-01-04 23:56:59','2022-01-04 23:56:59',0,'图书文具'),(33,188,'c6220160-b750-41d0-a5a7-b99e13f67c37.jpg',4,500,'彼得蒂尔传','2022-01-04 23:57:24','2022-01-04 23:57:24',0,'图书文具'),(34,77,'ef165bef-9485-463e-a8d0-60255d983482.jpg',4,1000,'不负少年时','2022-01-04 23:57:47','2022-01-04 23:57:47',0,'图书文具'),(35,77,'0494ba9e-f647-4d16-a297-c6e0dd4889fa.jpg',4,1000,'不停长高的车','2022-01-04 23:58:11','2022-01-04 23:58:11',0,'图书文具'),(36,66,'440cb947-abec-4c6c-8bb7-d38dc401b29b.jpg',4,1000,'曹文轩文集典藏版','2022-01-04 23:58:40','2022-01-04 23:58:40',0,'图书文具'),(37,88,'33d9958b-920d-48c6-bed4-a5b228d4cdab.jpg',4,500,'拆解一切问题','2022-01-04 23:59:01','2022-01-04 23:59:01',0,'图书文具'),(38,99,'b4e59cc0-c523-4167-ad14-6acbcd50faa4.jpg',4,1000,'程沈说诗词”精装礼','2022-01-04 23:59:35','2022-01-04 23:59:35',0,'图书文具'),(39,76,'7c8ae1ef-f38b-4f54-ada6-082db173cbd3.jpg',4,1000,'打爆口碑 0到150','2022-01-04 23:59:58','2022-01-04 23:59:58',0,'图书文具'),(40,77,'32d1cab6-70e0-413e-9625-040ce47a6c9b.jpg',4,1000,'大侦探福尔摩斯探案','2022-01-05 00:00:25','2022-01-05 00:00:25',0,'图书文具'),(41,99,'f51001b3-fffb-4fea-b2b7-22fe615a118c.jpg',4,1000,'当当定制 成语接龙','2022-01-05 00:00:48','2022-01-05 00:00:48',0,'图书文具'),(42,88,'ccb7543b-2f66-4a7a-af91-4807db8f7623.jpg',4,1000,'懂得 影响你一生的','2022-01-05 00:01:13','2022-01-05 00:01:13',0,'图书文具'),(43,100,'a8b17f97-912f-4391-943c-321b03021b35.jpg',4,999,'浮生六记','2022-01-05 00:01:39','2022-01-05 00:01:39',0,'图书文具'),(44,99,'3a08eb85-880a-47e2-8f75-026f9523fe42.jpg',3,1000,'卫衣男2021春季新款圆领韩版春秋款套头衫青年纯色运动外套','2022-01-05 00:05:23','2022-01-05 00:05:23',0,'男装女装'),(45,129,'24afea6f-33ca-4b06-8365-11c04f6fff01.jpg',3,1000,'4AM 官方旗舰店 出逃计划卫衣 白色连帽衫长袖外套','2022-01-05 00:05:54','2022-01-05 00:05:54',0,'男装女装'),(46,198,'94606301-c4a8-49d9-9fc8-b02c3fea4587.jpg',3,1000,'4AM 官方旗舰店 涂鸦卫衣 黑色连帽宽松潮流情侣春秋款','2022-01-05 00:06:20','2022-01-05 00:06:20',0,'男装女装'),(47,198,'6cd4e071-68ef-4411-ad1a-345c88fe47b7.jpg',3,1000,'2020男装新款连帽开衫 摇粒绒卫衣男式 休闲学生纯色外套','2022-01-05 00:06:51','2022-01-05 00:06:51',0,'男装女装'),(48,188,'ef424fbe-ec47-4161-ad29-7a0b053958b9.jpg',3,1000,'嘉筱加绒连帽卫衣男秋冬季宽松百搭加厚上衣男学生港风潮流字母印花长袖衣服男 L22白色【常规】25 L 100斤-120斤','2022-01-05 00:12:57','2022-01-05 00:12:57',0,'男装女装'),(49,188,'7d3aae0e-19e7-4348-8052-b796a4a58813.jpg',3,5000,'南极人圆领卫衣男冬季加绒外套男韩版潮流时尚休闲长袖T恤男士潮牌情侣男男生国潮帅气秋季打底衫男 T4131白色【加绒】 XL','2022-01-05 00:13:32','2022-01-05 00:13:32',0,'男装女装'),(50,139,'d07d0b35-a667-4e6d-b569-efd7c8166a12.jpg',3,1000,'花花公子卫衣男圆领套头连帽上衣秋冬新款青少年学生假两件长袖男装国潮男装联名 C-1911HH5604YOA橘色 XL','2022-01-05 00:14:04','2022-01-05 00:14:04',0,'男装女装'),(51,99,'23aa6f37-3ebd-46cc-8a13-208175f4da45.jpg',3,1000,'两件装KMAH卫衣男士2021年秋季长袖男装套装韩版潮流连帽体恤衣服男上衣连帽t恤长袖外套男JC 薄款-自由选择2件装，下单后备注或联系在线客服 XL','2022-01-05 00:14:40','2022-01-05 00:14:40',0,'男装女装'),(52,158,'1b509f18-88be-45c7-a519-352a1611349a.jpg',3,1000,'JEEP吉普卫衣男加绒冬季新品男士宽松大码羊羔加厚绒保暖长袖圆领T恤运动休闲棉质套头上衣 2163款 宝蓝 XL 建议140-155斤','2022-01-05 00:15:11','2022-01-05 00:15:11',0,'男装女装'),(53,99,'33224513-dcea-4ca2-85b1-6ae340067b7e.jpg',3,1000,'南极人卫衣男宽松圆领青少年秋冬季男装加绒加厚款外套打底衫男士潮流长袖T恤男生潮牌运动港风学生秋冬装 1B23-T8101白色 xL','2022-01-05 00:15:41','2022-01-05 00:15:41',0,'男装女装'),(54,100,'6c23c667-3493-4431-b99f-1b834c763289.jpg',3,900,'大鱼界限（dayujiexian）圆领卫衣男潮流帅气宽松秋季外套男生港风学生百搭宇航员上衣服男装 黑色 常规款 L 建议体重（120-140斤宽松效果）','2022-01-05 00:16:19','2022-01-05 00:16:19',0,'男装女装'),(55,190,'c7f71046-a833-467a-a1e2-925f321175fd.jpg',3,100,'花花公子 春秋款卫衣 男生长袖T恤打底衫潮流圆领上衣男士套头宽松恤体恤男装 蓝色 M','2022-01-05 00:16:52','2022-01-05 00:16:52',0,'男装女装'),(56,99,'9a8cf703-60aa-4f72-9b34-e07894b45576.jpg',3,1000,'花花公子连帽卫衣男冬季男装潮牌宽松连帽内搭上衣服学生大码潮流外套港风休闲保暖情侣装外衣 L15浅灰色(加绒) XL','2022-01-05 00:17:29','2022-01-05 00:17:29',0,'男装女装'),(57,100,'6777463f-3582-4a4c-a15e-b088968114bf.jpg',3,1000,'南极人 卫衣男2021新款时尚潮流男士加绒卫衣青春帅气加绒卫衣男时尚潮流男士卫衣 浅灰色 S6115 XL','2022-01-05 00:18:32','2022-01-05 00:18:32',0,'男装女装'),(58,99,'2b9cfe33-843c-494b-8f92-336604308c7f.jpg',3,1000,'汤米雄狮卫衣男圆领无帽套头衫秋冬季长袖T恤撞色潮款外套男装新品外衣假两件卫衣加绒加厚 深灰W072 XXL(150-170斤)','2022-01-05 00:19:09','2022-01-05 00:19:09',0,'男装女装'),(59,77,'1161107a-7182-4ce9-b2de-3468e8806ee9.jpg',5,1000,' 三胖蛋 正宗内蒙特产原味大瓜子 每日坚果 葵花籽 坚果休闲零食 218g/桶（保鲜装）','2022-01-05 00:34:41','2022-01-05 00:34:41',0,'食品保健'),(60,157,'44a3b93a-c1d1-4cf0-9066-4af590e6a72e.jpg',5,999,'三只松鼠每日坚果 750g/30袋 年货零食大礼包坚果礼盒送礼儿童孕妇混合干果腰果夏威夷果核桃仁开心果巴旦木','2022-01-05 00:35:18','2022-01-05 00:35:18',1,'食品保健'),(61,30,'531a97f4-1373-4638-89c6-7382bdc7709e.jpg',5,996,' 葡记 原味合桃酥1000g 整箱年货礼盒 核桃酥 传统手信糕点心 手工酥饼干曲奇 休闲零食团购送礼','2022-01-05 00:35:46','2022-01-05 00:35:46',4,'食品保健'),(62,99,'13c1dfa4-d3ea-46a5-a135-a8d419ec685d.jpg',5,998,'良品铺子手撕面包2斤装 量贩早餐小面包代餐休闲零食办公室点心整箱装礼盒','2022-01-05 00:36:15','2022-01-05 00:36:15',2,'食品保健'),(63,88,'e980f966-d749-4c97-bf91-347b18bc63c4.jpg',5,999,'三只松鼠肉松饼 面包糕点蛋糕办公室早餐网红零食礼盒小吃1050g/箱','2022-01-05 00:36:41','2022-01-05 00:36:41',1,'食品保健'),(64,66,'e0e1b348-7f10-4ca6-a2dd-b489599ef3d0.jpg',5,1000,'葡记 糯米老婆饼1000g整箱年货礼盒装 澳门风味特色小吃 传统工艺 饼干曲奇休闲零食糕点心 下午茶面包蛋糕','2022-01-05 00:37:12','2022-01-05 00:37:12',0,'食品保健'),(65,19.9,'44c02f48-1ee9-4fb9-9c8c-40584392b1ef.jpg',5,999,'呆小喵 奶酪海苔 高蛋白高钙低脂酥脆办公室宿舍白领儿童休闲零食','2022-01-05 00:37:48','2022-01-05 00:37:48',1,'食品保健'),(66,58.8,'3824320d-89ca-4064-9a8f-5a734faaac50.jpg',5,1000,' 娃哈哈 桂圆莲子八宝粥 360g*15罐 五谷营养早餐 清甜不腻 方便速食粥整箱装礼盒装 年货 送礼','2022-01-05 00:38:21','2022-01-05 00:38:21',0,'食品保健'),(67,79,'2b5a8d5e-5bfa-4c53-bbdf-cbaa3d4f90b3.jpg',5,998,'百草味 手撕面包1000g/箱 原味整箱办公室早餐休闲食品面包点心','2022-01-05 00:38:48','2022-01-05 00:38:48',2,'食品保健'),(68,32.9,'0b561ad2-db58-477f-9bc9-b021ec246d6c.jpg',5,1000,'三只松鼠手撕面包 点心零食酵母面包代餐早餐口袋软面包礼盒 1000g/盒','2022-01-05 00:39:24','2022-01-05 00:39:24',0,'食品保健'),(69,29.9,'d19ca8cf-48bc-46bf-8c36-5850e4b3db7e.jpg',5,1000,'子原素 铁棍山药芝麻饼干1000g 香酥薄脆零食早餐办公室休闲点心','2022-01-05 00:40:21','2022-01-05 00:40:21',0,'食品保健'),(70,20,'68c77193-ffb5-4d36-9bd2-aa1bfc7507eb.jpg',5,1000,'憨豆熊 每日坚果500g罐装 坚果炒货地方特产巴旦木腰果核桃仁葡萄干混合坚果休闲零食大礼包','2022-01-05 00:40:54','2022-01-05 00:40:54',0,'食品保健'),(71,97,'81e98bd0-fc2f-4815-9db8-3deb0fa0b4c7.jpg',5,1000,'三只松鼠坚果礼盒8袋装1473g 活力橙零食大礼包每日坚果元旦新年货过年送礼团购礼物干果','2022-01-05 00:41:29','2022-01-05 00:41:29',0,'食品保健'),(72,88,'bb6e265c-ec94-4333-b3c2-38aa5b9c0cea.jpg',5,1000,'百草味 冰雪蛋糕540g/箱 网红点心糕点整箱早餐手撕小面包','2022-01-05 00:41:56','2022-01-05 00:41:56',0,'食品保健'),(73,32.9,'a9af39df-b115-469a-9659-8206ecc5a21b.jpg',5,1000,'百草味 休闲零食小吃整箱蛋糕办公室早餐点心传统糕点 原味肉松饼1000g/箱','2022-01-05 00:42:36','2022-01-05 00:42:36',0,'食品保健'),(74,88,'186ea4a5-e5d1-40ad-8b03-1cff4059a74c.jpg',5,1000,'良品铺子 猪事顺利巨型零食大礼包猪饲料礼包 零食大礼包送女友25包零食生日礼物送女友新年礼物 【14款新年分享包】小时刻零食大礼包1426g x1袋','2022-01-05 00:43:20','2022-01-05 00:43:20',0,'食品保健'),(75,32.9,'8170243e-be7a-41bf-b6b7-40eafd72a3b6.jpg',5,1000,'三只松鼠岩烧乳酪吐司 饼干蛋糕代餐零食点心夹心手撕面包网红办公室早餐箱装520g/箱','2022-01-05 00:43:54','2022-01-05 00:43:54',0,'食品保健'),(76,9.9,'d53b5c90-105f-4d0f-9120-8f4572e797ca.jpg',5,1000,'比比赞龙岩花生蒜香五香奶香水煮花生米带壳零食小吃炒货年货休闲食品500g','2022-01-05 00:44:33','2022-01-05 00:44:33',0,'食品保健'),(77,78,'24ee7b53-867d-4e02-b633-e3563a16126b.jpg',5,1000,'年货礼盒坚果炒货干果混合装零食大礼包小吃休闲食品过年送礼走亲戚春节拜年新年礼品必备置办佳品 分享款礼盒：【到手2箱 共28包净重1800g】','2022-01-05 00:44:59','2022-01-05 00:44:59',0,'食品保健'),(78,99,'d308ce73-2b23-44a3-af5f-e09d8e8ba407.jpg',5,1000,'泓一 紫米夹心面包2斤 黑米吐司零食健身代餐营养早餐1000g','2022-01-05 00:45:27','2022-01-05 00:45:27',0,'食品保健'),(79,39,'0595dc71-2dd8-4dc5-880d-0ac3757d420d.jpg',6,1000,'乐活旅行 鞋子收纳包旅行出差可挂行李箱神器随身便携装鞋包运动鞋球鞋袋子旅游用品收纳袋 藏青色','2022-01-05 01:01:36','2022-01-05 01:01:36',0,'鞋包配饰'),(80,49,'322eeacc-a3ea-46a3-bc5f-fabe59fcfb1a.jpg',6,1000,'美国pack all鞋袋收纳包 旅行出差鞋子收纳袋防尘鞋子收纳包手提式鞋袋子球鞋运动鞋包收纳 标码橙色','2022-01-05 01:02:10','2022-01-05 01:02:10',0,'鞋包配饰'),(81,97.2,'088cd803-39b1-4e99-ae11-b22e747440c4.jpg',6,100,'GOTO收纳鞋包运动旅行便携篮球鞋子收纳袋旅行出差防尘装鞋收纳包 中号运动球鞋收纳包','2022-01-05 01:02:41','2022-01-05 01:02:41',0,'鞋包配饰'),(82,66,'b7c69972-bdc8-4577-b59f-0c594eb61ec8.jpg',6,100,'M Square 旅行鞋子收纳袋整理包鞋袋 防水收纳包大容量男女旅游出差便携鞋包 海军蓝','2022-01-05 01:03:10','2022-01-05 01:03:10',0,'鞋包配饰'),(83,39,'3d547d27-c038-4277-81fe-1047849c8d2f.jpg',6,1000,'乐活旅行 鞋子收纳包旅行出差可挂行李箱神器随身便携装鞋包运动鞋球鞋袋子旅游用品收纳袋 灰色','2022-01-05 01:03:37','2022-01-05 01:03:37',0,'鞋包配饰'),(84,55,'547cb7f5-4727-49b7-bf4a-ad31156175e5.jpg',6,1000,'OFK李质造运动时尚便携束口袋成人青少年款足球抽绳收纳袋 极光色【成人款】OFK05049 均码','2022-01-05 01:04:08','2022-01-05 01:04:08',0,'鞋包配饰'),(85,77,'effe0a79-77b8-4c49-b438-37650e6acb96.jpg',6,1000,'GOTO收纳鞋包运动旅行便携篮球鞋子收纳袋旅行出差防尘装鞋收纳包 小号收纳包1个','2022-01-05 01:04:35','2022-01-05 01:04:35',0,'鞋包配饰'),(86,188,'74824196-af40-4aee-979e-f2e8df1d42d2.jpg',6,1000,'GOTO收纳鞋包运动旅行便携篮球鞋子收纳袋旅行出差防尘装鞋收纳包 大号运动球鞋收纳包','2022-01-05 01:05:05','2022-01-05 01:05:05',0,'鞋包配饰'),(87,156,'d1d2d6aa-cd87-460c-aa3f-df9563c0a01e.jpg',6,1000,'KAWASAKI川崎羽毛球鞋袋 便携式篮球鞋包健身运动鞋袋旅行收纳袋男女鞋子透气整理袋 KBB-8106黑色','2022-01-05 01:05:53','2022-01-05 01:05:53',0,'鞋包配饰'),(88,68,'734b681b-d9e5-4bd1-80ed-332875661f98.jpg',6,1000,'GOTO收纳鞋包运动旅行便携篮球鞋子收纳袋旅行出差防尘装鞋收纳包 大号运动球鞋收纳包','2022-01-05 01:06:33','2022-01-05 01:06:33',0,'鞋包配饰'),(89,99,'4ffb8fef-a8d0-4094-812c-3004a82e2dbc.jpg',6,1000,' 耐克（NIKE） 男女 健身袋 抽绳包 训练包 束口鞋包 BRASILIA 运动包 BA5953-010黑色小号','2022-01-05 01:06:59','2022-01-05 01:06:59',0,'手机数码'),(90,199,'b9666262-79a1-4662-9fd1-9b8d910b9447.jpg',6,1000,'Nike耐克足球训练休闲运动包手提包收纳包鞋包男女DC2648-010 DA2712-010 均码','2022-01-05 01:07:24','2022-01-05 01:07:24',0,'鞋包配饰'),(91,19,'cd853b3b-7d1c-4b21-99c6-c37c37ec7910.jpg',6,1000,'szkoy鞋袋便携装鞋子的收纳袋子旅行鞋包收纳包家用透明旅游鞋套 黄色大号（5个装）#xMy679','2022-01-05 01:07:52','2022-01-05 01:07:52',0,'鞋包配饰'),(92,46,'e72aeb7a-e583-48bb-af25-6611b0041e1a.jpg',6,1000,'KELME卡尔美鞋包专业足球鞋包运动鞋袋子手提收纳包轻便实用耐磨防水9886018 黑橙','2022-01-05 01:08:23','2022-01-05 01:08:23',0,'鞋包配饰'),(93,56,'af77450e-4fe1-4c6e-a9d5-d4c77ba87b8c.jpg',6,1000,'迪卡侬收纳包鞋袋透气足球篮球跑鞋训练装备包旅行网面运动包RUNA 黑色 5L','2022-01-05 01:08:51','2022-01-05 01:08:51',0,'鞋包配饰'),(94,59,'5721b89e-38f7-4512-8abe-4974faec8ccb.jpg',6,1000,' GOTO旅行男运动收纳黑曼巴色调透明鞋包健身女短途便携手提行李收纳袋 黑色/黑曼巴色调','2022-01-05 01:09:18','2022-01-05 01:09:18',0,'鞋包配饰'),(95,39.9,'a6d8d1b8-fd30-4039-9ea3-92c35872eeda.jpg',6,1000,'迪卡侬鞋袋足球鞋收纳鞋包搭配手提袋收纳包便携式手拎包KIPT 深蓝色','2022-01-05 01:09:45','2022-01-05 01:09:45',0,'鞋包配饰'),(96,25,'cf24ebcc-46bd-4c0d-87e3-0ee6b3b904e1.jpg',6,1000,'暖烘烘 篮球鞋收纳包鞋包鞋袋羽毛球装鞋子的袋子便携儿童运动球鞋收纳袋 足球鞋球鞋收纳包 橙色','2022-01-05 01:10:16','2022-01-05 01:10:16',0,'鞋包配饰'),(97,99,'4976fc06-f957-4986-b841-9768e1b585d5.jpg',6,1000,'耐克NIKE 男女通款 桶包 健身包 旅行包 BRASILIA JDI 运动包 BA5957-010黑色中号','2022-01-05 01:10:43','2022-01-05 01:10:43',0,'鞋包配饰'),(98,15,'53b24f79-513b-445b-96ab-7b0c65fe4a58.jpg',6,1000,'Kawasaki/川崎 羽毛球鞋运动鞋收纳袋 川崎羽毛球鞋袋（收纳袋） 黑色 均码','2022-01-05 01:11:16','2022-01-05 01:11:16',0,'鞋包配饰'),(99,4999,'ae2f37d4-2ad0-47ed-97ae-0cb7fea757c5.jpg',7,1000,'FITURE魔镜旗舰版健身魔镜智能健身镜子AI智能健镜身mirror运动镜家用小型减肥健身器瑜伽室内 优雅金 (含3个月FITURE会员)','2022-01-05 01:20:42','2022-01-05 01:20:42',0,'运动户外'),(100,35,'232c9487-b23c-4f57-bf38-d64084432f7f.jpg',7,1000,' 李宁LI-NING跳绳成人无绳负重中考专用专业竞速健身钢丝儿童跳绳运动考试轴承无计数肥跳神脂长绳','2022-01-05 01:21:25','2022-01-05 01:21:25',0,'运动户外'),(101,78,'1abed18e-9995-407e-9674-b031fcc40846.jpg',7,1000,'李宁（LI-NING）飞力士弹力健身棒臂力律动器材运动训练棒菲力斯瑜伽硬杆棒肌肉放松震抖动振颤棒 黑红','2022-01-05 01:21:55','2022-01-05 01:21:55',0,'运动户外'),(102,269,'89a29519-c4bd-4bcd-ab1f-bf70923b06d2.jpg',7,997,'小米手环6 NFC版 全面彩屏 离线支付 30种运动模式 24h心率检测 50米防水 智能手环 运动手环','2022-01-05 01:22:27','2022-01-05 01:22:27',3,'运动户外'),(103,129,'5c6a8e7a-838a-4d8e-97a3-ecf165243598.jpg',7,999,'Keep 智能计数跳绳R1健身运动无绳负重成人【易烊千玺同款】','2022-01-05 01:23:03','2022-01-05 01:23:03',1,'运动户外'),(104,39,'b8e673ff-f23a-4031-9e7a-c966b95240a3.jpg',7,1000,'LATIT【京东自有品牌】飞力士棒多功能训练器材健身棒弹力棒菲力士棒菲利斯飞力仕棒震颤棒黑色【加强版】','2022-01-05 01:23:31','2022-01-05 01:23:31',0,'运动户外'),(105,695,'26285e14-4a0b-42f0-aa10-bea9f6549e24.jpg',7,1000,'豪珠高档春秋季运动套装男2021中年男装休闲三件套加绒加厚运动服男士秋冬季卫衣套装中老年运动套装男棉 黑色【运动三件套春秋款】 XL建议125-145斤','2022-01-05 01:23:56','2022-01-05 01:23:56',0,'运动户外'),(106,46,'4c135050-daa3-46e8-8885-e14275cd022b.jpg',7,1000,'李宁 LI-NING【专业升级款】仰卧起坐辅助器家用健身器材吸盘式健腹器男女腹肌卷腹器运动训练仰卧板','2022-01-05 01:24:31','2022-01-05 01:24:31',0,'运动户外'),(107,27,'0ea2bada-a26d-4262-89d7-2b204e828eee.jpg',7,1000,'李宁LI-NING无绳跳绳专业轴承可调长度无计数无绳跳绳球负重成人健身运动体育用品黑色跳神','2022-01-05 01:25:05','2022-01-05 01:25:05',0,'运动户外'),(108,3799,'0998bb6d-5fb8-49ba-a73a-3ba7b57c4519.jpg',7,1000,'【新品开售】FITURE魔镜智能健身mini健身魔镜镜子AI智能健镜身家用mirror运动 子夜黑 含1个月会员','2022-01-05 01:25:32','2022-01-05 01:25:32',0,'运动户外'),(109,139,'e123a600-0d06-4be9-ab6f-90b3767c4d1b.jpg',7,1000,'特步男鞋跑步鞋2021新款冬季潮流男士厚底旅游透气保暖网面休闲运动鞋黑色板鞋防水皮面慢跑鞋子男加厚 黑金-(皮面) 41码','2022-01-05 01:26:02','2022-01-05 01:26:02',0,'运动户外'),(110,22,'ed1049df-fb54-4d97-a211-0bc839936a2a.jpg',7,1000,' 李宁（LI-NING）跳绳成人儿童男女健身专业中考专用考试运动轴承无负重跳绳室内无计数学生长竞速绳','2022-01-05 01:26:29','2022-01-05 01:26:29',0,'运动户外'),(111,139,'7477238f-c5e5-4758-bb00-32c5d07c6d86.jpg',7,1000,'倍范 阿甘男鞋运动潮鞋冬季防滑复古休闲鞋男士潮流百搭老爹鞋子 卡其 41','2022-01-05 01:27:00','2022-01-05 01:27:00',0,'运动户外'),(112,229,'fdb54b2b-6aaa-483b-99f9-8aea47155a4a.jpg',7,1000,'小米手环6 全面彩屏 30种运动模式 24h心率检测 50米防水 智能手环 运动手环 离线支付','2022-01-05 01:27:33','2022-01-05 01:27:33',0,'运动户外'),(113,59,'6d4281fe-3acf-4726-aa4f-cf9f395ee070.jpg',7,1000,'李宁（LI-NING）扭腰盘转盘美腰器扭腰机扭扭乐 3D按摩健身塑形美腰家用塑腰扭腰盘女跳舞运动健身器材','2022-01-05 01:28:06','2022-01-05 01:28:06',0,'运动户外'),(114,45,'a99c12a4-decf-42ea-a0ed-d1b96769935c.jpg',7,1000,'运动健身服男套装紧身衣速干衣紧身衣跑步篮球训练服健身房压缩衣MCKENATEN MK 【精英】长袖+丝印长裤 XL','2022-01-05 01:28:50','2022-01-05 01:28:50',0,'运动户外'),(115,28,'c8517534-97ee-4be4-9859-a7bf25a4e510.jpg',7,1000,'艾栢恩（ABEN）计数跳绳成人无绳跳绳两用 中考训练学生儿童钢丝跳绳子男女健身运动 骑士灰黑色','2022-01-05 01:29:15','2022-01-05 01:29:15',0,'运动户外'),(116,189,'a4e45934-8908-4598-a68a-4b5684b0394d.jpg',7,998,'安踏男鞋休闲运动鞋男士2021秋冬季保暖防寒防滑轻便板鞋慢跑步鞋子户外训练旅游鞋官方旗舰 -1黑/大红/安踏白 42','2022-01-05 01:29:46','2022-01-05 01:29:46',2,'运动户外'),(117,319,'2d5cb357-fc84-463c-862f-d5dd57f01bc2.jpg',7,1000,' 米客 拉筋板小腿伸筋神器家用站立式斜踏板沙袋绑腿负重训练运动器材 MK9000-01+MK1309-04-4KG','2022-01-05 01:30:15','2022-01-05 01:30:15',0,'运动户外'),(118,49,'a8211708-bb93-42b8-8fcf-eadf9386c88f.jpg',7,999,'匹克（PEAK)拉筋板折叠拉筋凳成人儿童家用站立式斜踏板小腿按摩器拉伸器按摩矫正脚踝康复健身运动踏板蓝色','2022-01-05 01:30:47','2022-01-05 01:30:47',1,'运动户外'),(119,10,'a9f2fece-a985-4ae7-959f-5da8ec9a1806.jpg',8,1000,'盈迪厨房用品家用百货用具大全实用小物件家居家庭生活日常清洁日用品 大号13g4个试用装【不划算】','2022-01-05 01:39:36','2022-01-05 01:39:36',0,'日用百货'),(120,37,'8ab435a3-777b-4b15-b05c-59cf7bab977e.jpg',8,1000,'手套女日本厨房家用家务清洁洗碗手套用不烂耐用刷锅洗衣服洗菜 1双装 内植绒厚款 M号(均号)','2022-01-05 01:40:18','2022-01-05 01:40:18',0,'日用百货'),(121,237,'148fdd9d-5a3c-4535-a24c-fe736100f707.jpg',8,199,'大王 天使小短裤箱装 XL 28片*2 纸尿裤 婴儿尿不湿 轻柔透气 男女宝宝通用','2022-01-05 01:40:40','2022-01-05 01:40:40',0,'日用百货'),(122,238,'d4f18533-0aff-480c-8f16-887fd985025b.jpg',8,1000,'韩国直邮kahi万能补水棒【金高银韩剧鬼怪同款】补水保湿抗皱淡化颈纹妆唇膏万用膏9g','2022-01-05 01:41:10','2022-01-05 01:41:10',0,'日用百货'),(123,57,'32472e51-340f-448e-85fc-c3ae27c6ec87.jpg',8,1000,'可狄家居日常生活卫生间浴室用品用具百货家用小东西懒人创意实用','2022-01-05 01:41:35','2022-01-05 01:41:35',0,'日用百货'),(124,22,'e836565b-9ee7-4e37-b3ac-297dfcf700bb.jpg',8,1000,'创意实用家庭用具好物大全居家居家用日常生活日用品小百货脸盆架 白色无钩','2022-01-05 01:42:00','2022-01-05 01:42:00',0,'日用百货'),(125,69,'2d797621-c481-4179-946f-1d66e8b93208.jpg',8,1000,'吸耳屎神器电动吸耳器挖耳勺发光婴儿童硅胶掏耳勺充电可视成人宝宝软头静音带灯采耳工具套装扣耳朵勺清洁器 象牙白【可掏可吸】发光电动耳勺','2022-01-05 01:42:28','2022-01-05 01:42:28',0,'日用百货'),(126,15,'2d0522a1-3c5a-40fa-8472-5b35250c7a8f.jpg',8,1000,'小米（MI）小米生态同款创意居家居日常生活厨房卫生清洁用品用具家用小东西百货懒人神器 100只装','2022-01-05 01:42:56','2022-01-05 01:42:56',0,'日用百货'),(127,10,'003c431c-ab66-4412-9297-e57f4f37b96e.jpg',8,1000,'创意家居厨房浴室用品新奇特实用神器百货日常生活小商品日用品','2022-01-05 01:43:22','2022-01-05 01:43:22',0,'日用百货'),(128,128,'da42e2ce-0bb5-4ac6-b0b5-c02b8ee7fc1e.jpg',8,1000,'碧芭宝贝BEABA笑脸smiley拉拉裤纸尿裤超薄透气婴儿吸水尿不湿M尿片通用训练裤 笑脸纸尿裤XL 12-17KG','2022-01-05 01:43:51','2022-01-05 01:43:51',0,'日用百货'),(129,30,'67ceb5a9-c9f1-49c1-bf7b-325fc2ee4b8a.jpg',8,1000,'创意卫生间宿舍日用品用具清洁神器家居生活厨房居家用小百货大全 刮水器白色','2022-01-05 01:44:31','2022-01-05 01:44:31',0,'日用百货'),(130,66,'8c69b566-dc41-4a2a-93f5-171503d4a055.jpg',8,1000,'【现货秒发】【优选】创意家居厨房用品用具小百货店家庭日用品生活居家用日常小东西 红色','2022-01-05 01:45:07','2022-01-05 01:45:07',0,'日用百货'),(131,13,'ceb7e347-8994-49e3-a904-6ea16c38b30c.jpg',8,1000,'【现货秒发】家用百洁布家居百货清洁小物件居家庭生活日用品 两片试用装【亏本价日常不够用】','2022-01-05 01:45:38','2022-01-05 01:45:38',0,'日用百货'),(132,68,'df5f3300-7577-43ca-8dfc-f79d25db4520.jpg',8,1000,'【现货秒发】家居日常生活卫生间浴室用品用具百货家用小东西懒人创意实用','2022-01-05 01:46:17','2022-01-05 01:46:17',0,'日用百货'),(133,23,'d94bbf92-6783-4f8f-b6b3-d89e68f74422.jpg',8,1000,'家居厨房用品用具卫生间懒人宿舍神器生活日用品小百货家用小东西 10片装','2022-01-05 01:46:47','2022-01-05 01:46:47',0,'日用百货'),(134,39,'d520a0cf-a871-4688-abbf-add1f0d11bd2.jpg',8,1000,'濠临 创意居家居卫生间用品用具小百货家用大全生活家庭置物架收纳神器 双层北欧灰','2022-01-05 01:47:20','2022-01-05 01:47:20',0,'日用百货'),(135,238,'627f0cd4-3abe-4f2c-8a59-4a02fbd80a10.jpg',8,1000,' 韩国直邮kahi万能补水棒【金高银韩剧鬼怪同款】补水保湿抗皱淡化颈纹妆唇膏万用膏9g','2022-01-05 01:47:48','2022-01-05 01:47:48',0,'日用百货'),(136,68,'911b97ae-c167-4d85-92e9-b6620174b83e.jpg',8,1000,'家居日常生活卫生间浴室用品用具百货家用小东西懒人创意实用','2022-01-05 01:48:14','2022-01-05 01:48:14',0,'日用百货'),(137,68,'8805626e-fc4d-4c25-a333-a9e63f7a2b33.jpg',8,1000,'茶花同款定制卡通防滑垫浴室地垫全铺镂空淋浴房可裁剪大尺寸浴室丝圈彩虹 茶花家居萌狗狗日常 40*60cm(柔软丝圈双面防滑)','2022-01-05 01:49:14','2022-01-05 01:49:14',0,'日用百货'),(138,55,'45afe585-29ac-40a1-b96b-77bfb07f0e73.jpg',8,1000,'虞书欣同款韩国ins气质多层纯色发圈复古大肠圈发绳网红橡皮筋法式肥肠发绳盘发发圈 酒红色+黑色','2022-01-05 01:49:38','2022-01-05 01:49:38',0,'日用百货'),(139,88,'64df0417-3fce-4158-9591-5c85c937ac2d.jpg',4,1000,'星光的速度','2022-01-05 17:14:27','2022-01-05 17:14:27',0,'图书文具');

/*Table structure for table `shop_rotation` */

DROP TABLE IF EXISTS `shop_rotation`;

CREATE TABLE `shop_rotation` (
  `id` int NOT NULL AUTO_INCREMENT,
  `business_id` int DEFAULT NULL,
  `frotation_img` varchar(100) CHARACTER SET utf8 COLLATE utf8_general_ci DEFAULT '5a58e624-254f-47f9-9122-65288ddc2c3c.jpg',
  `srotation_img` varchar(100) CHARACTER SET utf8 COLLATE utf8_general_ci DEFAULT '5a58e624-254f-47f9-9122-65288ddc2c3c.jpg',
  `trotation_img` varchar(100) CHARACTER SET utf8 COLLATE utf8_general_ci DEFAULT '5a58e624-254f-47f9-9122-65288ddc2c3c.jpg',
  PRIMARY KEY (`id`)
) ENGINE=InnoDB AUTO_INCREMENT=9 DEFAULT CHARSET=utf8mb3;

/*Data for the table `shop_rotation` */

insert  into `shop_rotation`(`id`,`business_id`,`frotation_img`,`srotation_img`,`trotation_img`) values (1,1,'ffc47b42-74de-459b-ac05-a85cd802053e.jpg','f739e373-a1bc-4aa5-845f-3f033db81152.jpg','3b3cfb22-060b-49a5-b6c4-f5fbc68f56bb.jpg'),(2,2,'5a58e624-254f-47f9-9122-65288ddc2c3c.jpg','5a58e624-254f-47f9-9122-65288ddc2c3c.jpg','5a58e624-254f-47f9-9122-65288ddc2c3c.jpg'),(3,3,'e15fa656-546e-40a6-95b0-929ba79a44c4.jpg','bed381a8-27c1-4f7f-b1de-25c4774177d8.jpg','3639ad79-432a-4287-8186-b3de3a247e64.jpg'),(4,4,'5a58e624-254f-47f9-9122-65288ddc2c3c.jpg','5b9caae8-080f-4260-83b8-9866658242a6.jpg','5a58e624-254f-47f9-9122-65288ddc2c3c.jpg'),(5,5,'0b42fa20-8673-4484-8ee6-a69a699c0265.jpg','21fa0780-ca62-4d9c-a53b-e97abdb3082a.jpg','5a58e624-254f-47f9-9122-65288ddc2c3c.jpg'),(6,6,'5a58e624-254f-47f9-9122-65288ddc2c3c.jpg','5a58e624-254f-47f9-9122-65288ddc2c3c.jpg','5a58e624-254f-47f9-9122-65288ddc2c3c.jpg'),(7,7,'eab147f6-1e4b-469b-b5d6-29b572b0e3c1.jpg','5a58e624-254f-47f9-9122-65288ddc2c3c.jpg','095477fb-666b-4f2f-a988-9a912a648e56.jpg'),(8,8,'5a58e624-254f-47f9-9122-65288ddc2c3c.jpg','e1f02084-d343-4065-90ee-3be44fbdc852.jpg','d6f5f809-8c8e-46b4-a56a-cc03646febf5.jpg');

/*Table structure for table `shop_setting` */

DROP TABLE IF EXISTS `shop_setting`;

CREATE TABLE `shop_setting` (
  `id` int NOT NULL AUTO_INCREMENT,
  `shop_name` varchar(30) CHARACTER SET utf8 COLLATE utf8_general_ci DEFAULT '我的小店',
  `business_id` int DEFAULT NULL,
  `shop_logo` varchar(100) CHARACTER SET utf8 COLLATE utf8_general_ci DEFAULT 'c772e3a1-ddf3-4f45-8622-bd57d0f27735.jpg',
  `shop_introduce` varchar(200) CHARACTER SET utf8 COLLATE utf8_general_ci DEFAULT '我的店铺',
  `shop_description` varchar(200) CHARACTER SET utf8 COLLATE utf8_general_ci DEFAULT '这是我的店铺',
  `shop_address` varchar(50) DEFAULT '无',
  PRIMARY KEY (`id`)
) ENGINE=InnoDB AUTO_INCREMENT=9 DEFAULT CHARSET=utf8mb3;

/*Data for the table `shop_setting` */

insert  into `shop_setting`(`id`,`shop_name`,`business_id`,`shop_logo`,`shop_introduce`,`shop_description`,`shop_address`) values (1,'呼呼的手机店',1,'d77a941a-652b-44a1-ab45-f48c5663b636.jpg','手机、流行、新科技','这是我的店铺66666666666666666666666666','浙江省杭州市'),(2,'我的小店',2,'c772e3a1-ddf3-4f45-8622-bd57d0f27735.jpg','我的店铺','这是我的店铺','无'),(3,'我的小店',3,'c772e3a1-ddf3-4f45-8622-bd57d0f27735.jpg','我的店铺','这是我的店铺','无'),(4,'我的图书店',4,'6d333460-d149-494b-9257-6b6b72f9612e.jpg','我的店铺','这是我的店铺','无'),(5,'叮叮零食库',5,'97ca7f1e-ad36-4cb8-b521-a52d4729be94.jpg','我的店铺','如果你是一个吃货那就来！','浙江省宁波市'),(6,'我的小店',6,'c772e3a1-ddf3-4f45-8622-bd57d0f27735.jpg','我的店铺','这是我的店铺','无'),(7,'我的小店',7,'c772e3a1-ddf3-4f45-8622-bd57d0f27735.jpg','我的店铺','这是我的店铺','无'),(8,'我的小店',8,'c772e3a1-ddf3-4f45-8622-bd57d0f27735.jpg','我的店铺','这是我的店铺','无');

/*Table structure for table `shopcar` */

DROP TABLE IF EXISTS `shopcar`;

CREATE TABLE `shopcar` (
  `id` int NOT NULL AUTO_INCREMENT,
  `user_id` int DEFAULT NULL,
  `ptitle` varchar(200) CHARACTER SET utf8 COLLATE utf8_general_ci DEFAULT NULL,
  `pimg` varchar(50) DEFAULT NULL,
  `business_id` int DEFAULT NULL,
  `pprice` double DEFAULT NULL,
  `create_time` datetime DEFAULT CURRENT_TIMESTAMP,
  PRIMARY KEY (`id`)
) ENGINE=InnoDB AUTO_INCREMENT=44 DEFAULT CHARSET=utf8mb3;

/*Data for the table `shopcar` */

insert  into `shopcar`(`id`,`user_id`,`ptitle`,`pimg`,`business_id`,`pprice`,`create_time`) values (1,1,'高端大气的手机','bdf74378-e1c0-4fa7-be31-81cc6519e2f5.jpg',1,5999,'2022-01-05 22:04:49'),(2,1,' 葡记 原味合桃酥1000g 整箱年货礼盒 核桃酥 传统手信糕点心 手工酥饼干曲奇 休闲零食团购送礼','531a97f4-1373-4638-89c6-7382bdc7709e.jpg',5,30,'2022-01-05 22:04:49'),(3,1,'匹克（PEAK)拉筋板折叠拉筋凳成人儿童家用站立式斜踏板小腿按摩器拉伸器按摩矫正脚踝康复健身运动踏板蓝色','a8211708-bb93-42b8-8fcf-eadf9386c88f.jpg',7,49,'2022-01-05 22:04:49'),(4,1,'4AM 官方旗舰店 涂鸦卫衣 黑色连帽宽松潮流情侣春秋款','94606301-c4a8-49d9-9fc8-b02c3fea4587.jpg',3,198,'2022-01-05 22:04:49'),(5,1,'小米手环6 NFC版 全面彩屏 离线支付 30种运动模式 24h心率检测 50米防水 智能手环 运动手环','89a29519-c4bd-4bcd-ab1f-bf70923b06d2.jpg',7,269,'2022-01-05 22:04:49'),(11,2,'小米11 Ultra 5G手机全网通小米11ultra','f9bc49fe-435f-4c55-ba2d-81dec1d8ecfd.jpg',1,5600,'2022-01-05 22:29:48'),(12,2,'华为手机','c7af288d-5d68-4de6-a5cf-30c8cb11ce39.jpg',2,5999,'2022-01-05 22:29:52'),(14,2,'GOTO收纳鞋包运动旅行便携篮球鞋子收纳袋旅行出差防尘装鞋收纳包 中号运动球鞋收纳包','088cd803-39b1-4e99-ae11-b22e747440c4.jpg',6,97.2,'2022-01-05 22:30:13'),(16,2,' 葡记 原味合桃酥1000g 整箱年货礼盒 核桃酥 传统手信糕点心 手工酥饼干曲奇 休闲零食团购送礼','531a97f4-1373-4638-89c6-7382bdc7709e.jpg',5,30,'2022-01-05 22:30:36'),(17,2,'三只松鼠手撕面包 点心零食酵母面包代餐早餐口袋软面包礼盒 1000g/盒','0b561ad2-db58-477f-9bc9-b021ec246d6c.jpg',5,32.9,'2022-01-05 22:30:40'),(18,2,'呆小喵 奶酪海苔 高蛋白高钙低脂酥脆办公室宿舍白领儿童休闲零食','44c02f48-1ee9-4fb9-9c8c-40584392b1ef.jpg',5,19.9,'2022-01-05 22:30:44'),(19,3,'李宁LI-NING无绳跳绳专业轴承可调长度无计数无绳跳绳球负重成人健身运动体育用品黑色跳神','0ea2bada-a26d-4262-89d7-2b204e828eee.jpg',7,27,'2022-01-05 22:36:38'),(20,3,'豪珠高档春秋季运动套装男2021中年男装休闲三件套加绒加厚运动服男士秋冬季卫衣套装中老年运动套装男棉 黑色【运动三件套春秋款】 XL建议125-145斤','26285e14-4a0b-42f0-aa10-bea9f6549e24.jpg',7,695,'2022-01-05 22:36:43'),(21,3,'FITURE魔镜旗舰版健身魔镜智能健身镜子AI智能健镜身mirror运动镜家用小型减肥健身器瑜伽室内 优雅金 (含3个月FITURE会员)','ae2f37d4-2ad0-47ed-97ae-0cb7fea757c5.jpg',7,4999,'2022-01-05 22:36:48'),(22,3,'韩国直邮kahi万能补水棒【金高银韩剧鬼怪同款】补水保湿抗皱淡化颈纹妆唇膏万用膏9g','d4f18533-0aff-480c-8f16-887fd985025b.jpg',8,238,'2022-01-05 22:37:01'),(24,1,'良品铺子手撕面包2斤装 量贩早餐小面包代餐休闲零食办公室点心整箱装礼盒','13c1dfa4-d3ea-46a5-a135-a8d419ec685d.jpg',5,99,'2022-01-05 23:17:04'),(27,1,'被讨厌的勇气','0d8d9d74-5918-49cb-bab1-c0b39767635b.jpg',4,88,'2022-01-05 23:21:45'),(29,1,'摆渡人书系','fa827442-b08e-4b45-b3b1-a15e0810f055.jpg',4,79,'2022-01-05 23:23:12'),(34,2,'嘉筱加绒连帽卫衣男秋冬季宽松百搭加厚上衣男学生港风潮流字母印花长袖衣服男 L22白色【常规】25 L 100斤-120斤','ef424fbe-ec47-4161-ad29-7a0b053958b9.jpg',3,188,'2022-01-05 23:39:39'),(35,2,'良品铺子手撕面包2斤装 量贩早餐小面包代餐休闲零食办公室点心整箱装礼盒','13c1dfa4-d3ea-46a5-a135-a8d419ec685d.jpg',5,99,'2022-01-05 23:40:12'),(36,2,'4AM 官方旗舰店 涂鸦卫衣 黑色连帽宽松潮流情侣春秋款','94606301-c4a8-49d9-9fc8-b02c3fea4587.jpg',3,198,'2022-01-05 23:40:58'),(43,1,'小米手机','05b80dbc-e3f5-4cb7-845b-fb39cf036336.jpg',1,3999,'2022-01-08 01:28:26');

/*Table structure for table `user` */

DROP TABLE IF EXISTS `user`;

CREATE TABLE `user` (
  `id` int NOT NULL AUTO_INCREMENT,
  `username` varchar(30) DEFAULT NULL,
  `password` varchar(30) DEFAULT NULL,
  `create_time` datetime DEFAULT CURRENT_TIMESTAMP,
  `update_time` datetime DEFAULT CURRENT_TIMESTAMP,
  `email` varchar(50) DEFAULT NULL,
  `money` double DEFAULT '5000',
  `user_img` varchar(100) CHARACTER SET utf8 COLLATE utf8_general_ci DEFAULT 'f24a163a-265a-4896-8048-c2e1d651aac4.jpg',
  `detail_address` varchar(100) DEFAULT '无',
  `receive_name` varchar(20) DEFAULT '无',
  `phone` varchar(20) DEFAULT '17608679999',
  PRIMARY KEY (`id`)
) ENGINE=InnoDB AUTO_INCREMENT=5 DEFAULT CHARSET=utf8mb3;

/*Data for the table `user` */

insert  into `user`(`id`,`username`,`password`,`create_time`,`update_time`,`email`,`money`,`user_img`,`detail_address`,`receive_name`,`phone`) values (1,'gjy','123','2022-01-05 08:00:00','2022-01-07 13:45:31','666@qq.com',2,'2e62df4d-7917-4d1c-828c-fdaa3c6bd4c4.jpg','浙江省杭州市','李杰','17608679999'),(2,'李华','123','2022-01-05 20:12:52','2022-01-05 20:12:52','1112222221@qq.com',5000,'f24a163a-265a-4896-8048-c2e1d651aac4.jpg','无','无','17608679999'),(3,'qiqi','123','2022-01-05 22:36:17','2022-01-05 22:36:17','1112222221@qq.com',5000,'f24a163a-265a-4896-8048-c2e1d651aac4.jpg','无','无','17608679999'),(4,'yy','123','2022-01-07 23:53:59','2022-01-07 23:54:49','jfjkvkv@qq.com',4763.1,'f24a163a-265a-4896-8048-c2e1d651aac4.jpg','浙江省宁波市','李先生','18709099988');

/*Table structure for table `user_order` */

DROP TABLE IF EXISTS `user_order`;

CREATE TABLE `user_order` (
  `id` int NOT NULL AUTO_INCREMENT,
  `order_id` varchar(100) CHARACTER SET utf8 COLLATE utf8_general_ci DEFAULT NULL,
  `status` varchar(10) COLLATE utf8_estonian_ci DEFAULT '未支付',
  `user_id` int DEFAULT NULL,
  `business_id` int DEFAULT NULL,
  `price` double DEFAULT NULL,
  `ptitle` varchar(300) CHARACTER SET utf8 COLLATE utf8_general_ci DEFAULT NULL,
  `create_time` datetime DEFAULT CURRENT_TIMESTAMP,
  `update_time` datetime DEFAULT CURRENT_TIMESTAMP,
  `pay_time` datetime DEFAULT CURRENT_TIMESTAMP,
  `pimg` varchar(200) COLLATE utf8_estonian_ci DEFAULT NULL,
  PRIMARY KEY (`id`)
) ENGINE=InnoDB AUTO_INCREMENT=40 DEFAULT CHARSET=utf8mb3 COLLATE=utf8_estonian_ci;

/*Data for the table `user_order` */

insert  into `user_order`(`id`,`order_id`,`status`,`user_id`,`business_id`,`price`,`ptitle`,`create_time`,`update_time`,`pay_time`,`pimg`) values (10,'2201076908018310','已完成',1,7,269,'小米手环6 NFC版 全面彩屏 离线支付 30种运动模式 24h心率检测 50米防水 智能手环 运动手环','2022-01-07 20:48:13','2022-01-07 20:48:13','2022-01-07 20:48:13','89a29519-c4bd-4bcd-ab1f-bf70923b06d2.jpg'),(11,'2201078993092337','待发货',1,3,99,'南极人卫衣男宽松圆领青少年秋冬季男装加绒加厚款外套打底衫男士潮流长袖T恤男生潮牌运动港风学生秋冬装 1B23-T8101白色 xL','2022-01-07 20:52:05','2022-01-07 20:52:05','2022-01-07 20:52:05','33224513-dcea-4ca2-85b1-6ae340067b7e.jpg'),(13,'2201078501237511','已完成',1,7,269,'小米手环6 NFC版 全面彩屏 离线支付 30种运动模式 24h心率检测 50米防水 智能手环 运动手环','2022-01-07 21:47:49','2022-01-07 21:47:49','2022-01-07 21:47:49','89a29519-c4bd-4bcd-ab1f-bf70923b06d2.jpg'),(14,'2201074202471622','待发货',1,6,97.2,'GOTO收纳鞋包运动旅行便携篮球鞋子收纳袋旅行出差防尘装鞋收纳包 中号运动球鞋收纳包','2022-01-07 22:01:33','2022-01-07 22:01:33','2022-01-07 22:01:33','088cd803-39b1-4e99-ae11-b22e747440c4.jpg'),(15,'2201078709489675','已完成',1,4,88,'半小时漫画必背古诗','2022-01-07 22:13:32','2022-01-07 22:13:32','2022-01-07 22:13:32','4a6f6629-b0b8-451c-8ce5-48325b44ef3b.jpg'),(16,'2201077921912351','已完成',1,7,269,'小米手环6 NFC版 全面彩屏 离线支付 30种运动模式 24h心率检测 50米防水 智能手环 运动手环','2022-01-07 23:51:33','2022-01-07 23:51:33','2022-01-07 23:51:33','89a29519-c4bd-4bcd-ab1f-bf70923b06d2.jpg'),(17,'2201077786071810','待收货',4,5,30,' 葡记 原味合桃酥1000g 整箱年货礼盒 核桃酥 传统手信糕点心 手工酥饼干曲奇 休闲零食团购送礼','2022-01-07 23:55:21','2022-01-07 23:55:21','2022-01-07 23:55:21','531a97f4-1373-4638-89c6-7382bdc7709e.jpg'),(18,'2201070935383728','待收货',4,5,99,'良品铺子手撕面包2斤装 量贩早餐小面包代餐休闲零食办公室点心整箱装礼盒','2022-01-07 23:55:24','2022-01-07 23:55:24','2022-01-07 23:55:24','13c1dfa4-d3ea-46a5-a135-a8d419ec685d.jpg'),(19,'2201079134813627','待收货',4,5,88,'三只松鼠肉松饼 面包糕点蛋糕办公室早餐网红零食礼盒小吃1050g/箱','2022-01-07 23:55:26','2022-01-07 23:55:26','2022-01-07 23:55:26','e980f966-d749-4c97-bf91-347b18bc63c4.jpg'),(20,'2201076878003184','待收货',4,5,19.9,'呆小喵 奶酪海苔 高蛋白高钙低脂酥脆办公室宿舍白领儿童休闲零食','2022-01-07 23:55:29','2022-01-07 23:55:29','2022-01-07 23:55:29','44c02f48-1ee9-4fb9-9c8c-40584392b1ef.jpg'),(21,'2201074728998916','已完成',1,5,99,'良品铺子手撕面包2斤装 量贩早餐小面包代餐休闲零食办公室点心整箱装礼盒','2022-01-07 23:59:33','2022-01-07 23:59:33','2022-01-07 23:59:33','13c1dfa4-d3ea-46a5-a135-a8d419ec685d.jpg'),(22,'2201074534359942','已完成',1,5,79,'百草味 手撕面包1000g/箱 原味整箱办公室早餐休闲食品面包点心','2022-01-07 23:59:39','2022-01-07 23:59:39','2022-01-07 23:59:39','2b5a8d5e-5bfa-4c53-bbdf-cbaa3d4f90b3.jpg'),(23,'2201076393183022','已完成',1,5,30,' 葡记 原味合桃酥1000g 整箱年货礼盒 核桃酥 传统手信糕点心 手工酥饼干曲奇 休闲零食团购送礼','2022-01-07 23:59:44','2022-01-07 23:59:44','2022-01-07 23:59:44','531a97f4-1373-4638-89c6-7382bdc7709e.jpg'),(24,'2201089378823118','已完成',1,5,157,'三只松鼠每日坚果 750g/30袋 年货零食大礼包坚果礼盒送礼儿童孕妇混合干果腰果夏威夷果核桃仁开心果巴旦木','2022-01-08 00:06:46','2022-01-08 00:06:46','2022-01-08 00:06:46','44a3b93a-c1d1-4cf0-9066-4af590e6a72e.jpg'),(25,'2201088633666831','已完成',1,7,129,'Keep 智能计数跳绳R1健身运动无绳负重成人【易烊千玺同款】','2022-01-08 00:09:49','2022-01-08 00:09:49','2022-01-08 00:09:49','5c6a8e7a-838a-4d8e-97a3-ecf165243598.jpg'),(26,'2201087259602844','已完成',1,7,49,'匹克（PEAK)拉筋板折叠拉筋凳成人儿童家用站立式斜踏板小腿按摩器拉伸器按摩矫正脚踝康复健身运动踏板蓝色','2022-01-08 00:10:41','2022-01-08 00:10:41','2022-01-08 00:10:41','a8211708-bb93-42b8-8fcf-eadf9386c88f.jpg'),(28,'2201082045594500','已完成',1,7,189,'安踏男鞋休闲运动鞋男士2021秋冬季保暖防寒防滑轻便板鞋慢跑步鞋子户外训练旅游鞋官方旗舰 -1黑/大红/安踏白 42','2022-01-08 00:57:27','2022-01-08 00:57:27','2022-01-08 00:57:27','a4e45934-8908-4598-a68a-4b5684b0394d.jpg'),(29,'2201084232270457','已完成',1,7,189,'安踏男鞋休闲运动鞋男士2021秋冬季保暖防寒防滑轻便板鞋慢跑步鞋子户外训练旅游鞋官方旗舰 -1黑/大红/安踏白 42','2022-01-08 01:18:47','2022-01-08 01:18:47','2022-01-08 01:18:47','a4e45934-8908-4598-a68a-4b5684b0394d.jpg'),(30,'2201089684028336','待收货',1,5,79,'百草味 手撕面包1000g/箱 原味整箱办公室早餐休闲食品面包点心','2022-01-08 01:35:45','2022-01-08 01:35:45','2022-01-08 01:35:45','2b5a8d5e-5bfa-4c53-bbdf-cbaa3d4f90b3.jpg'),(32,'2201083065707009','已完成',1,1,1999,'红米手机','2022-01-08 02:24:29','2022-01-08 02:24:29','2022-01-08 02:24:29','50b6c890-57ef-40a1-823a-f76e24f6142d.jpg'),(33,'2201081669489648','待发货',1,6,66,'M Square 旅行鞋子收纳袋整理包鞋袋 防水收纳包大容量男女旅游出差便携鞋包 海军蓝','2022-01-08 02:33:06','2022-01-08 02:33:06','2022-01-08 02:33:06','b7c69972-bdc8-4577-b59f-0c594eb61ec8.jpg'),(34,'2201083895288142','已完成',1,5,30,' 葡记 原味合桃酥1000g 整箱年货礼盒 核桃酥 传统手信糕点心 手工酥饼干曲奇 休闲零食团购送礼','2022-01-08 02:33:39','2022-01-08 02:33:39','2022-01-08 02:33:39','531a97f4-1373-4638-89c6-7382bdc7709e.jpg'),(35,'2201082077366184','已完成',1,5,30,' 葡记 原味合桃酥1000g 整箱年货礼盒 核桃酥 传统手信糕点心 手工酥饼干曲奇 休闲零食团购送礼','2022-01-08 02:41:35','2022-01-08 02:41:35','2022-01-08 02:41:35','531a97f4-1373-4638-89c6-7382bdc7709e.jpg'),(36,'2201087006630255','未支付',1,1,5999,'高端大气的手机','2022-01-08 04:11:03','2022-01-08 04:11:03','2022-01-08 04:11:03','bdf74378-e1c0-4fa7-be31-81cc6519e2f5.jpg'),(37,'2201082623269483','待发货',1,1,3999,'小米手机','2022-01-08 04:11:07','2022-01-08 04:11:07','2022-01-08 04:11:07','05b80dbc-e3f5-4cb7-845b-fb39cf036336.jpg'),(38,'2201086901126119','未支付',1,1,5999,'华为nova5pro','2022-01-08 04:11:09','2022-01-08 04:11:09','2022-01-08 04:11:09','838068c4-ec5b-40bd-b2d1-dfca2ee748de.jpg'),(39,'2201083803351169','待发货',1,2,5999,'华为手机','2022-01-08 04:11:11','2022-01-08 04:11:11','2022-01-08 04:11:11','c7af288d-5d68-4de6-a5cf-30c8cb11ce39.jpg');

/*!40101 SET SQL_MODE=@OLD_SQL_MODE */;
/*!40014 SET FOREIGN_KEY_CHECKS=@OLD_FOREIGN_KEY_CHECKS */;
/*!40014 SET UNIQUE_CHECKS=@OLD_UNIQUE_CHECKS */;
/*!40111 SET SQL_NOTES=@OLD_SQL_NOTES */;
